Instance,NU,NC,Fed,Adult,‚ÜìV,Users,BI,BB,UT,MO,Version
[Lemmy.World](https://lemmy.world),Yes,Yes,Yes,Yes,Yes,17505,183,1,99%,22,0.19.10
[lemm.ee](https://lemm.ee),Yes,Yes,Yes,Yes,Yes,6691,4,0,100%,22,0.19.11
[Lemmy NSFW](https://lemmynsfw.com) (lemmynsfw.com),Yes,Yes,Yes,Yes,No,3653,177,31,99%,22,0.19.11
[sh.itjust.works](https://sh.itjust.works),Yes,Yes,Yes,Yes,Yes,2852,89,1,100%,22,0.19.9
[Lemmy](https://lemmy.ml) (lemmy.ml),Yes,Yes,Yes,Yes,Yes,2276,200,9,99%,72,0.19.11
[Lemmy.ca](https://lemmy.ca),Yes,Yes,Yes,Yes,Yes,1940,83,0,100%,52,0.19.11
[feddit.org](https://feddit.org),Yes,Yes,Yes,Yes,Yes,1923,26,1,100%,10,0.19.11
[Hexbear](https://hexbear.net) (hexbear.net),Yes,No,No,Yes,No,1730,8,59,??,57,0.19.9
[Divisions by zero](https://lemmy.dbzer0.com) (lemmy.dbzer0.com),Yes,Yes,Yes,Yes,Yes,1447,225,1,100%,22,0.19.11
[Bl√•haj Lemmy](https://lemmy.blahaj.zone) (lemmy.blahaj.zone),Yes,Yes,Yes,Yes,No,1100,255,1,99%,27,0.19.8
[programming.dev](https://programming.dev),Yes,Yes,Yes,Yes,Yes,1079,324,0,99%,22,0.19.11
[tchncs](https://discuss.tchncs.de) (discuss.tchncs.de),Yes,Yes,Yes,Yes,Yes,944,78,1,100%,22,0.19.11
[Lemmy.zip](https://lemmy.zip),Yes,Yes,Yes,Yes,Yes,692,6,0,100%,22,0.19.11
[Sopuli](https://sopuli.xyz) (sopuli.xyz),Yes,Yes,Yes,Yes,Yes,635,39,1,96%,50,0.19.11
[Lemmygrad](https://lemmygrad.ml) (lemmygrad.ml),Yes,Yes,Yes,Yes,Yes,563,137,82,99%,68,0.19.11
[SDF Chatter](https://lemmy.sdf.org) (lemmy.sdf.org),Yes,Yes,Yes,Yes,Yes,500,1,0,99%,22,0.19.8
[Feddit UK](https://feddit.uk) (feddit.uk),Yes,Yes,Yes,No,Yes,458,57,2,100%,22,0.19.11-feddit
[feddit.nl](https://feddit.nl),Yes,Yes,Yes,Yes,Yes,427,5,1,100%,22,0.19.11
[Reddthat](https://reddthat.com) (reddthat.com),Yes,Yes,Yes,Yes,No,416,4,0,100%,22,0.19.11
[SLRPNK](https://slrpnk.net) (slrpnk.net),Yes,Yes,Yes,No,Yes,406,9,0,99%,37,0.19.11
[jlai.lu](https://jlai.lu),Yes,Yes,Yes,Yes,Yes,395,17,1,100%,22,0.19.5
[Infosec.Pub](https://infosec.pub),Yes,Yes,Yes,Yes,Yes,382,15,0,100%,23,0.19.11
[Aussie Zone](https://aussie.zone) (aussie.zone),Yes,No,Yes,No,Yes,369,9,0,99%,22,0.19.11
[midwest.social](https://midwest.social),Yes,Yes,Yes,Yes,Yes,368,14,0,99%,44,0.19.11
[Lemmy Today](https://lemmy.today) (lemmy.today),Yes,Yes,Yes,Yes,Yes,311,0,0,100%,22,0.19.11
[Pawb.Social](https://pawb.social),Yes,Yes,Yes,Yes,Yes,258,89,1,99%,22,0.19.11
[Lemmings.world](https://lemmings.world),Yes,Yes,Yes,Yes,Yes,231,99,0,98%,21,0.19.11
[Feddit.dk](https://feddit.dk),Yes,Yes,Yes,Yes,Yes,219,609,0,100%,23,0.19.11
[Star Trek Website](https://startrek.website) (startrek.website),Yes,No,Yes,Yes,Yes,195,26,0,99%,22,0.19.11
[Feddit.it](https://feddit.it),Yes,No,Yes,Yes,Yes,191,0,0,100%,35,0.19.11
[Mander](https://mander.xyz) (mander.xyz),Yes,Yes,Yes,Yes,Yes,179,1,0,91%,40,0.19.9
[ani.social](https://ani.social),Yes,Yes,Yes,Yes,Yes,170,1,4,100%,22,0.19.11
[50501](https://50501.chat) (50501.chat),Yes,No,Yes,No,Yes,159,230,1,100%,1,0.19.11
[Lemmy.wtf](https://lemmy.wtf),Yes,No,Yes,Yes,Yes,156,82,0,94%,22,0.19.11
[Lemmy.one](https://lemmy.one),Yes,No,Yes,Yes,No,153,4,20,99%,22,0.19.7
[The TTRPG network](https://ttrpg.network) (ttrpg.network),Yes,Yes,Yes,Yes,Yes,144,0,1,97%,22,0.19.11
[szmer](https://szmer.info) (szmer.info),Yes,Yes,Yes,Yes,Yes,136,3,0,99%,59,0.19.6
[Brasil](https://lemmy.eco.br) (lemmy.eco.br),Yes,Yes,Yes,Yes,Yes,127,53,0,99%,22,0.19.10
[Discuss Online](https://discuss.online) (discuss.online),Yes,Yes,Yes,Yes,Yes,118,16,0,100%,22,0.19.11
[Lemdro.id](https://lemdro.id),Yes,No,Yes,Yes,Yes,112,0,0,98%,21,0.19.9
[Lemmy Cafe](https://lemmy.cafe) (lemmy.cafe),Yes,Yes,Yes,No,Yes,111,8,0,99%,22,0.19.8
[Lemmy NZ](https://lemmy.nz) (lemmy.nz),Yes,No,Yes,Yes,Yes,108,8,0,99%,22,0.19.10
[Leminal Space](https://leminal.space) (leminal.space),Yes,Yes,Yes,Yes,Yes,105,129,0,100%,21,0.19.11
[awful.systems](https://awful.systems),Yes,No,Yes,Yes,Yes,97,28,1,100%,21,0.19.3
[lemy.lol](https://lemy.lol),Yes,Yes,Yes,Yes,Yes,89,14,0,100%,21,0.19.11
[Feddit.nu](https://feddit.nu),Yes,Yes,Yes,Yes,Yes,88,76,0,100%,22,0.19.11
[ÂûÉÂúæ‰Ω¨ËÆ∫Âùõ](https://lajilao.com) (lajilao.com),Yes,Yes,Yes,Yes,Yes,58,0,0,??,1,0.19.11
[Europe Pub](https://europe.pub) (europe.pub),Yes,Yes,Yes,No,Yes,52,3,0,100%,1,0.19.10
[literature.cafe](https://literature.cafe),Yes,Yes,Yes,Yes,Yes,49,536,0,98%,21,0.19.11
[monero.town](https://monero.town),Yes,Yes,Yes,Yes,Yes,47,1,8,98%,22,0.19.7
[Lemmy Myserv one](https://lemmy.myserv.one) (lemmy.myserv.one),Yes,No,Yes,Yes,Yes,44,227,0,99%,21,0.19.11
[Feddit.cl](https://feddit.cl),Yes,Yes,Yes,No,Yes,44,1,0,99%,22,0.19.8
[50501](https://lemmy.fiftyfifty.one) (lemmy.fiftyfifty.one),Yes,No,No,No,Yes,39,0,0,100%,1,0.19.9
[diggita](https://diggita.com) (diggita.com),Yes,No,Yes,No,Yes,39,0,0,99%,4,0.19.8
[Lemmy.org](https://lemmy.org),Yes,Yes,Yes,No,Yes,37,0,0,??,3,0.19.8
[lemmus.org](https://lemmus.org),Yes,No,Yes,Yes,Yes,36,10,0,99%,22,0.19.11
[Hilarious Chaos](https://hilariouschaos.com) (hilariouschaos.com),Yes,Yes,Yes,Yes,No,32,9,26,100%,16,0.19.11
[Endlesstalk](https://endlesstalk.org) (endlesstalk.org),Yes,Yes,Yes,Yes,Yes,32,232,1,99%,22,0.19.11
[Futurology Today](https://futurology.today) (futurology.today),Yes,No,Yes,No,Yes,31,1,0,99%,20,0.19.11
[Lemmy Portugu√™s](https://lemmy.pt) (lemmy.pt),Yes,No,Yes,No,Yes,31,1,0,95%,43,0.19.10
[KDE Social](https://lemmy.kde.social) (lemmy.kde.social),Yes,No,Yes,No,Yes,29,0,0,98%,22,0.19.3
[RetroLemmy](https://retrolemmy.com) (retrolemmy.com),Yes,Yes,Yes,Yes,Yes,29,4,0,99%,21,0.19.11
[Neo Mujico](https://mujico.org) (mujico.org),Yes,No,No,Yes,Yes,29,0,19,99%,15,0.19.8
[eviltoast](https://eviltoast.org) (eviltoast.org),Yes,Yes,Yes,Yes,Yes,28,3,3,97%,22,0.19.11
[R.NF](https://r.nf),Yes,Yes,Yes,Yes,Yes,24,0,23,99%,19,0.19.11
[D‚Ä¢Scribe](https://scribe.disroot.org) (scribe.disroot.org),Yes,Yes,Yes,Yes,Yes,24,0,0,100%,16,0.19.9
[Ch√°chara Club](https://chachara.club) (chachara.club),Yes,Yes,Yes,Yes,No,20,0,0,100%,1,0.19.10
[lazysoci.al](https://lazysoci.al),Yes,Yes,Yes,Yes,Yes,19,0,0,100%,22,0.19.10
[Lemmy.Radio](https://lemmy.radio),Yes,Yes,Yes,Yes,Yes,18,4,0,99%,22,0.19.11
[dormi.zone](https://dormi.zone),Yes,No,Yes,No,No,18,149,0,100%,22,0.19.3
[Frozen Lemmy](https://lemmy.frozeninferno.xyz) (lemmy.frozeninferno.xyz),Yes,Yes,Yes,Yes,Yes,17,89,0,99%,22,0.19.11
[WetShaving](https://sub.wetshaving.social) (sub.wetshaving.social),Yes,No,Yes,Yes,Yes,15,0,0,100%,22,0.19.11
[monyet.cc](https://monyet.cc),Yes,Yes,Yes,Yes,Yes,15,1,1,99%,22,0.19.3
[rqd2.net](https://rqd2.net),Yes,Yes,Yes,Yes,Yes,15,0,57,99%,20,0.19.5
[MTGZone](https://mtgzone.com) (mtgzone.com),Yes,No,Yes,No,Yes,14,0,2,99%,22,0.19.5
[bookwormstory.social](https://bookwormstory.social),Yes,No,Yes,No,Yes,13,70,0,99%,22,0.19.11
[Y'all@theATL.social](https://yall.theatl.social) (yall.theatl.social),Yes,Yes,Yes,Yes,Yes,13,1,0,100%,22,0.19.11
[Suppo.fi](https://suppo.fi),Yes,Yes,Yes,Yes,Yes,13,6,0,99%,22,0.19.11
[Lemmy.VG](https://lemmy.vg),Yes,No,Yes,Yes,No,13,0,0,99%,11,0.19.5
[Real Bitcoin Cash](https://realbitcoin.cash) (realbitcoin.cash),Yes,Yes,Yes,Yes,Yes,12,0,20,99%,3,0.19.9
[Linux.Community](https://linux.community),Yes,No,Yes,No,No,12,4,0,100%,22,0.19.11
[Aggregatet](https://aggregatet.org) (aggregatet.org),Yes,No,Yes,Yes,Yes,12,0,3,96%,13,0.19.8
[toast.ooo](https://toast.ooo),Yes,Yes,Yes,Yes,Yes,12,3,0,97%,22,0.19.11
[Lemy](https://lemy.nl) (lemy.nl),Yes,Yes,Yes,No,Yes,10,364,0,99%,21,0.19.11
[Lemmy.coffee](https://lemmy.coffee),Yes,Yes,Yes,Yes,Yes,9,0,0,100%,1,0.19.9
[Ê≠£Âú®ÂèëÂ£∞](https://fasheng.ing) (fasheng.ing),Yes,Yes,Yes,Yes,Yes,8,0,3,99%,12,0.19.3
[lemmy.4d2.org](https://lemmy.4d2.org),Yes,Yes,Yes,Yes,Yes,7,8,0,??,5,0.19.11
[YuruLemmy](https://lemmy.funami.tech) (lemmy.funami.tech),Yes,Yes,Yes,Yes,Yes,7,147,1,100%,22,0.19.11
[DubVee](https://dubvee.org) (dubvee.org),Yes,Yes,Yes,Yes,Yes,7,671,0,96%,22,0.19.9
[Internet burnout](https://group.lt) (group.lt),Yes,Yes,Yes,Yes,Yes,7,0,0,100%,40,0.19.11
[Communick News](https://communick.news) (communick.news),Yes,No,Yes,No,Yes,6,1,1,99%,22,0.19.9
[AbnormalLemmings](https://lemmy.abnormalbeings.space) (lemmy.abnormalbeings.space),Yes,Yes,Yes,Yes,Yes,6,36,0,100%,1,0.19.11
[fedit.pl](https://fedit.pl),Yes,Yes,Yes,Yes,Yes,6,0,0,100%,14,0.19.9
[lemmyusa.com](https://lemmyusa.com),Yes,Yes,Yes,No,Yes,6,1,4,98%,4,0.19.8
[Garuda's Lemmy](https://lemmy.garudalinux.org) (lemmy.garudalinux.org),Yes,No,Yes,No,Yes,6,183,0,99%,21,0.19.9
[Lemmy Fans](https://real.lemmy.fan) (real.lemmy.fan),Yes,Yes,Yes,Yes,Yes,6,3,0,98%,14,0.19.11
[Lemmini Elettrici](https://lemminielettrici.it) (lemminielettrici.it),Yes,No,No,No,No,5,0,0,100%,0,0.19.10
[Metawire (Beta)](https://metawire.eu) (metawire.eu),Yes,No,Yes,No,Yes,5,0,1,100%,0,0.19.10
[Fanaticus](https://fanaticus.social) (fanaticus.social),Yes,Yes,Yes,Yes,Yes,5,1,0,100%,22,0.19.3
[RBlind](https://rblind.com) (rblind.com),Yes,No,Yes,Yes,Yes,5,4,0,98%,22,0.19.11
[Quokk.au](https://quokk.au),Yes,Yes,Yes,No,No,5,4,1,99%,21,0.19.11
[Bolhaverso](https://bolha.forum) (bolha.forum),Yes,No,Yes,Yes,Yes,5,24,0,98%,21,0.19.10
[lemmy.cat](https://lemmy.cat),Yes,No,Yes,Yes,Yes,5,1,0,??,2,0.19.8
[Libertarian Lemmy](https://lemmy.libertarianfellowship.org) (lemmy.libertarianfellowship.org),Yes,No,Yes,Yes,Yes,5,0,2,100%,9,0.19.9
[Feddit](https://feddit.rocks) (feddit.rocks),Yes,Yes,Yes,Yes,Yes,5,0,19,95%,21,0.19.11
[fed.dyne.org](https://fed.dyne.org),Yes,Yes,Yes,No,Yes,5,0,0,100%,18,0.19.11
[RollenspielMonster](https://rollenspiel.forum) (rollenspiel.forum),Yes,Yes,Yes,Yes,Yes,4,8,0,100%,20,0.19.11
[lemux](https://lemux.minnix.dev) (lemux.minnix.dev),Yes,Yes,Yes,Yes,Yes,4,0,0,98%,22,0.19.4
[rekabu.ru](https://rekabu.ru),Yes,Yes,Yes,Yes,Yes,4,0,1,98%,21,0.19.11
[Pobierz](https://lemmy.ohaa.xyz) (lemmy.ohaa.xyz),Yes,Yes,Yes,No,Yes,4,149,0,99%,20,0.19.11
[Bowyerhub](https://lemmy.bowyerhub.uk) (lemmy.bowyerhub.uk),Yes,Yes,Yes,Yes,Yes,4,0,0,??,1,0.19.9
[foros.fediverso.gal](https://foros.fediverso.gal),Yes,No,Yes,No,Yes,4,0,0,97%,28,0.19.3
[Gremmy](https://gregtech.eu) (gregtech.eu),Yes,Yes,Yes,Yes,Yes,4,6,0,100%,9,0.19.11
[tucson.social](https://tucson.social),Yes,Yes,Yes,No,No,4,387,0,100%,22,0.19.11
[LemmyIs.Fun](https://lemmyis.fun),Yes,Yes,Yes,Yes,Yes,4,0,0,100%,22,0.19.7
[Wahrheitslemmy](https://lemmy.hogru.ch) (lemmy.hogru.ch),Yes,Yes,Yes,Yes,Yes,4,3,0,99%,22,0.19.9
[Big Lemmowski](https://biglemmowski.win) (biglemmowski.win),Yes,No,Yes,Yes,Yes,4,7,0,100%,22,0.19.11
[BlendIT - BSD Cafe](https://blendit.bsd.cafe) (blendit.bsd.cafe),Yes,No,Yes,Yes,Yes,3,0,0,100%,17,0.19.3
[BROWNTOWN](https://lemmy.browntown.dev) (lemmy.browntown.dev),Yes,Yes,Yes,Yes,Yes,3,0,0,??,22,0.19.6
[Civilloquy](https://civilloquy.com) (civilloquy.com),Yes,No,No,No,Yes,3,7,2,98%,22,0.19.5
[È¥â„ÅØÊã†„ÇäÊâÄ„Å´„Å§„ÅÑ„Å¶Ë™û„ÇäÂêà„ÅÜ](https://lm.korako.me) (lm.korako.me),Yes,Yes,Yes,Yes,No,3,1,3,100%,50,0.19.8
[info.prou.be](https://info.prou.be),Yes,Yes,Yes,Yes,Yes,3,0,0,98%,38,0.19.2
[Lemmy News](https://lemmy.news) (lemmy.news),Yes,Yes,Yes,Yes,Yes,3,0,0,98%,2,0.19.11
[vger.social](https://vger.social),Yes,No,Yes,Yes,Yes,3,5,0,100%,12,0.19.11
[Muffalings](https://lemmy.muffalings.com) (lemmy.muffalings.com),Yes,Yes,Yes,Yes,Yes,3,0,0,100%,19,0.19.11
[—Ñeddit.bg](https://feddit.bg) (feddit.bg),Yes,Yes,Yes,Yes,Yes,3,0,0,96%,6,0.19.11
[lemmy.imagisphe.re](https://lemmy.imagisphe.re),Yes,Yes,Yes,Yes,Yes,3,0,1,99%,20,0.19.5
[lemmy.net.au](https://lemmy.net.au),Yes,Yes,Yes,Yes,Yes,3,0,1,100%,1,0.19.9
[Preserve Games](https://preserve.games) (preserve.games),Yes,No,Yes,Yes,Yes,3,0,0,94%,22,0.19.3
[Ayom F√≥rum](https://forum.ayom.media) (forum.ayom.media),Yes,No,No,Yes,Yes,3,0,0,100%,15,0.19.1
[Tech pr0n](https://tech.pr0n.pl) (tech.pr0n.pl),Yes,Yes,Yes,Yes,Yes,3,0,0,100%,35,0.19.10
[Lemmy Naukio](https://lemmy.nauk.io) (lemmy.nauk.io),Yes,No,Yes,Yes,Yes,3,4,0,100%,22,0.19.11
[Uhhoh!](https://lemmy.uhhoh.com) (lemmy.uhhoh.com),Yes,Yes,Yes,Yes,Yes,3,1,0,93%,22,0.19.11
[Lemmy „Åç„ÇÉ/kya.moe](https://lemmy.kya.moe) (lemmy.kya.moe),Yes,Yes,Yes,Yes,Yes,3,0,3,94%,22,0.19.10
[Orbiting Observer](https://orbiting.observer) (orbiting.observer),Yes,Yes,Yes,Yes,Yes,3,6,0,99%,20,0.19.11
[Feddit.is](https://feddit.is),Yes,Yes,Yes,Yes,Yes,3,0,0,100%,1,0.19.11
[lemmy.hostux.net](https://l.hostux.net) (l.hostux.net),Yes,Yes,Yes,Yes,Yes,3,0,0,100%,2,0.19.8
[Bad at being social](https://badatbeing.social) (badatbeing.social),Yes,Yes,Yes,No,Yes,3,7,0,99%,22,0.19.11
[K2PK Lemmyverse](https://lemmy.k2pk.com) (lemmy.k2pk.com),Yes,Yes,Yes,No,Yes,2,0,0,100%,0,0.19.11
[LMM](https://lmm.dru5k1.io) (lmm.dru5k1.io),Yes,Yes,Yes,Yes,Yes,2,0,0,??,1,0.19.11
[KW Region Lemmy](https://waterloolemmy.ca) (waterloolemmy.ca),Yes,Yes,Yes,Yes,Yes,2,0,0,100%,2,0.19.10
[Ponder.cat](https://ponder.cat),Yes,Yes,Yes,Yes,Yes,2,0,0,100%,10,0.19.8
[Nocturnal Lemmy](https://lemmy.nocturnal.garden) (lemmy.nocturnal.garden),Yes,Yes,Yes,Yes,Yes,2,0,0,100%,1,0.19.8
[Diagon Lemmy](https://diagonlemmy.social) (diagonlemmy.social),Yes,Yes,Yes,No,Yes,2,130,1,100%,14,0.19.3
[not digg](https://notdigg.com) (notdigg.com),Yes,Yes,Yes,Yes,Yes,2,3,0,96%,22,0.19.5
[Lemmy](https://lemmy.max-p.me) (lemmy.max-p.me),Yes,Yes,Yes,Yes,Yes,2,0,0,100%,21,0.19.10
[Lemmini.fi](https://lemmini.fi),Yes,Yes,Yes,Yes,Yes,2,0,0,100%,1,0.19.11
[Beru Co.ddit](https://lemmy.beru.co) (lemmy.beru.co),Yes,Yes,Yes,Yes,Yes,2,1,0,99%,22,0.19.10
[SSBA](https://lemmy.ssba.com) (lemmy.ssba.com),Yes,No,Yes,No,Yes,2,0,0,97%,21,0.19.3
[Lebowski.Social](https://lebowski.social),Yes,No,Yes,Yes,Yes,2,118,0,100%,21,0.19.11
[CiF Lemmy](https://lemmy.cif.su) (lemmy.cif.su),Yes,Yes,Yes,Yes,Yes,2,0,1,96%,5,0.19.8
[haley.io](https://lemmy.haley.io) (lemmy.haley.io),Yes,Yes,Yes,No,Yes,2,5,0,98%,8,0.19.5
[30p87.de](https://lemmy.30p87.de) (lemmy.30p87.de),Yes,Yes,Yes,Yes,Yes,2,1,0,98%,10,0.19.11
[board.](https://board.minimally.online) (board.minimally.online),Yes,Yes,Yes,Yes,Yes,2,6,0,??,22,0.19.8
[lemmy.az.social](https://lemmy.az.social),Yes,No,Yes,Yes,Yes,2,0,0,??,21,0.19.10
[Possum.news](https://possum.news),Yes,No,Yes,Yes,Yes,2,0,0,100%,1,0.19.9
[Kutsuya.dev](https://kutsuya.dev),Yes,Yes,Yes,Yes,Yes,2,0,0,97%,21,0.19.7
[Unryzer.eu](https://lemmy.unryzer.eu) (lemmy.unryzer.eu),Yes,No,Yes,Yes,Yes,2,1,0,??,20,0.19.11
[ZonenRanslite](https://zonenranslite.de) (zonenranslite.de),Yes,Yes,Yes,Yes,Yes,2,1,0,99%,1,0.19.11
[Corndog.social](https://corndog.social),Yes,No,Yes,Yes,Yes,2,0,0,100%,21,0.19.9
[Hacker Talks](https://hackertalks.com) (hackertalks.com),Yes,Yes,Yes,Yes,Yes,2,0,0,98%,21,0.19.11
[lemmy.billiam.net](https://lemmy.billiam.net),Yes,Yes,Yes,Yes,Yes,2,1,0,??,21,0.19.11
[Lemmy GayFR](https://links.gayfr.online) (links.gayfr.online),Yes,Yes,Yes,Yes,Yes,2,177,0,100%,13,0.19.11
[BitForged Space](https://bitforged.space) (bitforged.space),Yes,Yes,Yes,Yes,Yes,2,81,0,98%,16,0.19.5
[Madiator2011 Lemmy](https://lm.madiator.cloud) (lm.madiator.cloud),Yes,Yes,Yes,No,Yes,2,1,0,??,22,0.19.11
[Dorm Room](https://lemmy.dormedas.com) (lemmy.dormedas.com),Yes,Yes,Yes,Yes,Yes,2,0,0,??,21,0.19.10
[Lemmy Brief Guru](https://lemmy.brief.guru) (lemmy.brief.guru),Yes,Yes,Yes,Yes,Yes,2,0,0,??,22,0.19.10
[PopTalk](https://poptalk.scrubbles.tech) (poptalk.scrubbles.tech),Yes,No,Yes,No,Yes,2,10,0,99%,22,0.19.9
[‰πùÂ∞æË´ñÂ£á](https://bbs.9tail.net) (bbs.9tail.net),Yes,Yes,Yes,Yes,Yes,2,1,8,??,26,0.19.3
[Security Cafe](https://lemmy.securitycafe.ca) (lemmy.securitycafe.ca),Yes,Yes,Yes,Yes,Yes,2,0,0,100%,1,0.19.9
[fstab](https://fstab.sh) (fstab.sh),Yes,Yes,Yes,Yes,Yes,2,0,0,??,21,0.19.5
[Lemmy](https://lemmy.asc6.org) (lemmy.asc6.org),Yes,No,Yes,Yes,Yes,2,3,0,96%,21,0.19.11
[lm.preferlinux.de](https://lm.preferlinux.de),Yes,Yes,No,Yes,Yes,2,0,0,100%,0,0.19.10
[Lem.to ~~](https://lem.to) (lem.to),Yes,Yes,Yes,No,Yes,2,0,0,??,2,0.19.11
[LemmyBun](https://lemmy.librebun.com) (lemmy.librebun.com),Yes,Yes,Yes,No,Yes,2,0,0,99%,2,0.19.11
[SMGames Discussions](https://lemmy.smgames.club) (lemmy.smgames.club),Yes,No,Yes,No,Yes,2,0,0,??,2,0.19.9
[Lemmy Staphup](https://lemmy.staphup.nl) (lemmy.staphup.nl),Yes,No,Yes,No,Yes,2,0,8,98%,29,0.19.10
[Leaf-dance](https://leaf.dance) (leaf.dance),Yes,No,Yes,Yes,Yes,2,0,0,??,19,0.19.11
[0xDD](https://0xdd.org.ru) (0xdd.org.ru),Yes,No,Yes,No,Yes,2,0,0,100%,36,0.19.8
[Champserver](https://champserver.net) (champserver.net),Yes,Yes,Yes,Yes,Yes,2,0,0,100%,16,0.19.5
[RetroWaifu Lemmy](https://lemmy.retrowaifu.io) (lemmy.retrowaifu.io),Yes,Yes,Yes,Yes,Yes,2,0,0,91%,0,0.19.10
[Lemmy.fosshost.com](https://lemmy.fosshost.com),Yes,Yes,Yes,Yes,Yes,2,0,0,??,21,0.19.3
[NodeSphere](https://nodesphere.site) (nodesphere.site),Yes,Yes,Yes,Yes,Yes,2,1,0,100%,12,0.19.11
[Linkage @ DS8](https://linkage.ds8.zone) (linkage.ds8.zone),Yes,Yes,Yes,Yes,Yes,2,0,0,99%,48,0.19.3
[lhenlo!](https://l.henlo.fi) (l.henlo.fi),Yes,Yes,Yes,Yes,Yes,2,1,1,100%,21,0.19.9
[lemmy.helios42.de](https://lemmy.helios42.de),Yes,Yes,Yes,Yes,Yes,2,0,0,100%,22,0.19.11
[Lemmy.üêü](https://lemmy.fish) (lemmy.fish),Yes,Yes,Yes,Yes,Yes,2,2,0,??,10,0.19.11
[Beagle Quest](https://lemmy.beagle.quest) (lemmy.beagle.quest),Yes,Yes,Yes,No,Yes,1,0,0,91%,13,0.19.11
[Pos005 Lemmy](https://lemmy.pos005.com) (lemmy.pos005.com),Yes,No,Yes,Yes,Yes,1,0,0,100%,1,0.19.11
[GeekRoom.Tech](https://geekroom.tech),Yes,No,Yes,No,Yes,1,0,0,100%,1,0.19.9
[anonion.social](https://lemmy.anonion.social) (lemmy.anonion.social),Yes,No,Yes,Yes,Yes,1,2,0,??,22,0.19.11
[Cixo Electronic](https://lemmy.cixoelectronic.pl) (lemmy.cixoelectronic.pl),Yes,Yes,Yes,Yes,Yes,1,0,2,99%,3,0.19.8
[Universal Monk](https://lemmy-mormonsatan-u23030.vm.elestio.app) (lemmy-mormonsatan-u23030.vm.elestio.app),Yes,No,Yes,Yes,Yes,1,0,5,100%,2,0.19.4
[Toast Dog Lemmy](https://lemmy.toastdog.net) (lemmy.toastdog.net),Yes,Yes,Yes,Yes,Yes,1,0,0,100%,2,0.19.11
[lemmy.onlylans.io](https://lemmy.onlylans.io),Yes,Yes,Yes,Yes,Yes,1,2,0,98%,22,0.19.8
[Mondom!](https://forum.mondom.eu) (forum.mondom.eu),Yes,Yes,Yes,Yes,Yes,1,0,0,??,2,0.19.8
[bmck.au](https://lemmy.bmck.au) (lemmy.bmck.au),Yes,Yes,No,Yes,Yes,1,0,0,100%,21,0.19.6-beta.14
[lemmy.seedoubleyou](https://lemmy.seedoubleyou.nohost.me) (lemmy.seedoubleyou.nohost.me),Yes,Yes,Yes,Yes,Yes,1,0,0,100%,1,0.19.8
[chi~](https://mouse.chitanda.moe) (mouse.chitanda.moe),Yes,Yes,Yes,Yes,Yes,1,1,0,99%,4,0.19.7
[Redlemmy](https://redlemmy.com) (redlemmy.com),Yes,Yes,Yes,Yes,No,1,0,0,100%,5,0.19.4
[Lemmy](https://lemmy.hangdaan.com) (lemmy.hangdaan.com),Yes,No,Yes,No,Yes,1,0,0,98%,2,0.19.11
[Mathers](https://l.mathers.fr) (l.mathers.fr),Yes,No,Yes,Yes,Yes,1,0,0,96%,22,0.19.4
[Orbi Camp](https://orbi.camp) (orbi.camp),Yes,Yes,Yes,Yes,Yes,1,0,0,99%,3,0.19.8
[grey.fail](https://lemmy.grey.fail) (lemmy.grey.fail),Yes,Yes,Yes,Yes,Yes,1,0,0,91%,3,0.19.8
[LQX Lemmy](https://lemmy.lqx.net) (lemmy.lqx.net),Yes,Yes,Yes,No,Yes,1,0,0,100%,3,0.19.11
[G00N.BBS](https://g00n.cloud) (g00n.cloud),Yes,Yes,Yes,Yes,Yes,1,0,0,??,3,0.19.11
[Selfhost Cat](https://lemmy.selfhostcat.com) (lemmy.selfhostcat.com),Yes,No,Yes,Yes,No,1,0,0,98%,3,0.19.8
[Brandyapple](https://lemmy.brandyapple.com) (lemmy.brandyapple.com),Yes,No,Yes,Yes,Yes,1,0,0,98%,2,0.19.8
[Lemmy  Lama Corp.](https://lemmy.lama-corp.space) (lemmy.lama-corp.space),Yes,Yes,Yes,Yes,Yes,1,0,0,??,1,0.19.11
[Jacen Lemmy](https://discuss.jacen.moe) (discuss.jacen.moe),Yes,No,Yes,Yes,Yes,1,0,0,100%,22,0.19.11
[Better Generation](https://lemmy.esquiretheduke.nohost.me) (lemmy.esquiretheduke.nohost.me),Yes,Yes,No,Yes,Yes,1,0,0,100%,2,0.19.8
[kitty.ly](https://kitty.ly),Yes,No,Yes,No,No,1,0,0,100%,2,0.19.11
[lemmy.8bitar.io](https://lemmy.8bitar.io),Yes,No,Yes,No,Yes,1,0,0,??,16,0.19.9
[dev.lemmy.world](https://dev.lemmy.world),Yes,Yes,No,Yes,Yes,1,0,0,??,17,0.19.11-12-g37002232a
[Rent a Drunk](https://rentadrunk.org) (rentadrunk.org),Yes,Yes,Yes,Yes,Yes,1,1,0,99%,19,0.19.11
[Lemmy](https://lemmy.sador.me) (lemmy.sador.me),Yes,Yes,Yes,Yes,Yes,1,1,0,??,0,0.19.11
[Rag√π](https://ragu.meadow.cafe) (ragu.meadow.cafe),Yes,No,Yes,No,Yes,1,0,0,100%,0,0.19.11
[Amethyst Lemmy](https://lemmy.amethyst.name) (lemmy.amethyst.name),Yes,Yes,Yes,Yes,Yes,1,0,0,100%,4,0.19.10
[TSL_Lemmy](https://lemmy.stefanoprenna.com) (lemmy.stefanoprenna.com),Yes,No,Yes,Yes,Yes,1,3,0,100%,17,0.19.11
[Tim's Lemmy](https://lemmy.timwaterhouse.com) (lemmy.timwaterhouse.com),Yes,No,Yes,No,Yes,1,1,0,??,11,0.19.8
[KTE GL - Lemmy](https://lemmy.ktegl.es) (lemmy.ktegl.es),Yes,Yes,Yes,Yes,Yes,1,0,0,??,0,0.19.10
[lemmy.jrvs.cc](https://lemmy.jrvs.cc),Yes,Yes,Yes,Yes,Yes,1,0,1,??,5,0.19.5
[The Belfry](https://belfry.rip) (belfry.rip),Yes,No,Yes,Yes,Yes,1,0,0,??,19,0.19.5
[lemmy.14042003.xyz](https://lemmy.14042003.xyz),Yes,Yes,Yes,Yes,Yes,1,0,0,??,1,0.19.9
[Friends of JLH](https://lemmy.jlh.name) (lemmy.jlh.name),Yes,Yes,Yes,Yes,Yes,1,1,0,95%,22,0.19.9
[Voyager App Test](https://lt.harding.dev) (lt.harding.dev),Yes,Yes,Yes,Yes,No,1,0,0,??,12,0.19.11
[L E F L I](https://lef.li) (lef.li),Yes,Yes,Yes,No,Yes,1,0,0,99%,21,0.19.11
[lemmy.asudox.dev](https://lemmy.asudox.dev),Yes,No,Yes,Yes,Yes,1,2,0,100%,3,0.19.11
[HackingNe.ws](https://hackingne.ws),Yes,Yes,Yes,Yes,Yes,1,0,0,97%,1,0.19.11
[Lemmy](https://lemmy.korz.dev) (lemmy.korz.dev),Yes,Yes,Yes,Yes,Yes,1,0,0,??,19,0.19.5
[Lemmy MichaelSasser](https://lemmy.michaelsasser.org) (lemmy.michaelsasser.org),Yes,No,Yes,Yes,Yes,1,0,0,99%,14,0.19.11
[LX Pontual](https://lx.pontual.social) (lx.pontual.social),Yes,Yes,Yes,Yes,Yes,1,0,0,??,20,0.19.8
[lemmyland](https://lemmyland.com) (lemmyland.com),Yes,No,Yes,Yes,Yes,1,4,0,100%,22,0.19.9
[lemmy.cryonex.net](https://lemmy.cryonex.net),Yes,No,Yes,Yes,Yes,1,0,0,??,7,0.19.10
[Free as...](https://lem.free.as) (lem.free.as),Yes,Yes,Yes,Yes,Yes,1,0,0,99%,22,0.19.11
[lemmy.dudeami.win](https://lemmy.dudeami.win),Yes,Yes,Yes,No,Yes,1,0,0,??,14,0.19.8
[lemmy.pierre-couy.fr](https://lemmy.pierre-couy.fr),Yes,Yes,Yes,Yes,Yes,1,0,0,100%,22,0.19.7
[borgchat](https://borg.chat) (borg.chat),Yes,Yes,Yes,Yes,Yes,1,2,0,99%,21,0.19.3
[darvit](https://lemmy.darvit.nl) (lemmy.darvit.nl),Yes,No,Yes,Yes,Yes,1,2,0,??,21,0.19.11
[fault.su](https://fault.su),Yes,Yes,Yes,Yes,Yes,1,0,0,100%,0,0.19.11
[Zona Rom√¢neascƒÉ üá∑üá¥](https://lemmit.ro) (lemmit.ro),Yes,Yes,Yes,Yes,Yes,1,26,0,95%,0,0.19.11
[Down On The Street](https://downonthestreet.eu) (downonthestreet.eu),Yes,Yes,Yes,Yes,Yes,1,0,0,99%,2,0.19.8
[DIGITALFALL](https://lemmy.digitalfall.net) (lemmy.digitalfall.net),Yes,No,Yes,Yes,Yes,1,12,0,90%,21,0.19.11
[Sky-Lemmy](https://lemmy.skyjake.fi) (lemmy.skyjake.fi),Yes,No,Yes,Yes,Yes,1,0,0,100%,21,0.19.8
[Lemmy](https://lemmy.theflarf.com) (lemmy.theflarf.com),Yes,Yes,Yes,Yes,Yes,1,0,0,??,0,0.19.10
[UKFLI](https://ukfli.uk) (ukfli.uk),Yes,Yes,Yes,Yes,Yes,1,3,0,99%,15,0.19.11
[secnd.me](https://lemmy.secnd.me) (lemmy.secnd.me),Yes,No,Yes,Yes,Yes,1,0,0,99%,22,0.19.11
[VA-11 Hall-A Bar](https://va11halla.bar) (va11halla.bar),Yes,Yes,Yes,Yes,No,1,1,1,??,21,0.19.1
[Foxden Party](https://lemmy.foxden.party) (lemmy.foxden.party),Yes,Yes,Yes,Yes,Yes,1,3,0,100%,22,0.19.3
[Pe1uca's lemmy](https://lemmy.pe1uca.dev) (lemmy.pe1uca.dev),Yes,No,Yes,Yes,Yes,1,8,0,99%,22,0.19.5
[lemmy.amxl.com](https://lemmy.amxl.com),Yes,No,Yes,Yes,Yes,1,117,0,99%,23,0.19.9
[Lemmy](https://lemmy.caliban.io) (lemmy.caliban.io),Yes,No,Yes,Yes,Yes,1,0,0,100%,11,0.19.3
[My Lemmy Instance](https://lemmy.schwanke.ca) (lemmy.schwanke.ca),Yes,Yes,Yes,Yes,Yes,1,2,0,??,21,0.19.11
[federate.cc](https://lemmy.federate.cc) (lemmy.federate.cc),Yes,Yes,Yes,No,Yes,1,46,0,98%,22,0.19.3
[ShinyLemmy](https://lemmy.shiny-task.com) (lemmy.shiny-task.com),Yes,No,Yes,Yes,Yes,1,0,0,100%,21,0.19.9
[Femboys ASN](https://femboys.biz) (femboys.biz),Yes,Yes,Yes,Yes,Yes,1,0,0,100%,1,0.19.11
[8th World](https://lemmy.8th.world) (lemmy.8th.world),Yes,Yes,Yes,Yes,Yes,1,0,0,100%,20,0.19.10
[SHA1](https://sha1.nl) (sha1.nl),Yes,No,Yes,Yes,Yes,1,1,0,??,22,0.19.11
[Fedifriends Lemmy](https://lemmy.fedifriends.social) (lemmy.fedifriends.social),Yes,No,Yes,Yes,Yes,1,0,0,100%,19,0.19.11
[TimeSink](https://timesink.p3nguin.org) (timesink.p3nguin.org),Yes,No,Yes,Yes,Yes,1,2,0,100%,8,0.19.10
[ExLisper Site](https://lemmy.curiana.net) (lemmy.curiana.net),Yes,Yes,No,Yes,No,1,0,0,100%,1,0.19.10
[Poeng.link](https://poeng.link),Yes,No,Yes,Yes,No,1,0,0,??,1,0.19.8
[Tespia](https://lemmy.tespia.org) (lemmy.tespia.org),Yes,Yes,Yes,Yes,Yes,1,2,0,95%,19,0.19.5
[teuto](https://lemmy.teuto.icu) (lemmy.teuto.icu),Yes,Yes,Yes,Yes,Yes,1,0,0,99%,21,0.19.11
[kourjetez.bzh](https://kourjetez.bzh),Yes,Yes,Yes,Yes,Yes,1,0,0,100%,1,0.19.6
[The Stormux Lemmy](https://communities.stormux.org) (communities.stormux.org),Yes,No,Yes,Yes,Yes,1,0,0,100%,3,0.19.8
[Lemmy](https://lemmy.tobyvin.dev) (lemmy.tobyvin.dev),Yes,Yes,Yes,Yes,Yes,1,0,0,98%,22,0.19.9
[Solomon Tech](https://sol.mn) (sol.mn),Yes,Yes,Yes,Yes,Yes,1,0,0,??,1,0.19.10
[Quirijn](https://lemmy.quirijngb.com) (lemmy.quirijngb.com),Yes,No,Yes,Yes,Yes,1,0,0,??,1,0.19.9
[Leftopia](https://leftopia.org) (leftopia.org),Yes,Yes,Yes,Yes,Yes,1,0,0,100%,11,0.19.3
[KokoReddit](https://lemmy.kokomo.cloud) (lemmy.kokomo.cloud),Yes,Yes,Yes,Yes,Yes,1,1,0,100%,8,0.19.11
[rochegmr](https://lemmy.rochegmr.com) (lemmy.rochegmr.com),Yes,Yes,Yes,Yes,Yes,1,0,0,99%,11,0.19.7
[mimiclem.me](https://mimiclem.me),Yes,No,Yes,Yes,Yes,1,1,0,??,21,0.19.3
[Sebbe's Lemmy](https://lemmy.sebbem.se) (lemmy.sebbem.se),Yes,Yes,Yes,Yes,Yes,1,0,0,94%,10,0.19.11
[CIX](https://cix.xcelerator.co.in) (cix.xcelerator.co.in),Yes,No,No,No,Yes,1,0,0,??,1,0.19.11
[what.if.ua lemmit](https://lemmit.nyc.what.if.ua) (lemmit.nyc.what.if.ua),Yes,Yes,Yes,Yes,Yes,1,0,0,100%,5,0.19.11
[   ](https://links.rocks) (links.rocks),Yes,Yes,Yes,Yes,Yes,1,1,0,??,22,0.19.5
[Lemmy](https://providence.root.sx) (providence.root.sx),Yes,Yes,Yes,Yes,Yes,1,0,0,98%,2,0.19.9
[GGG Federation](https://social.ggbox.fr) (social.ggbox.fr),Yes,No,Yes,Yes,Yes,1,0,0,100%,22,0.19.9
[lsmu](https://lsmu.schmurian.xyz) (lsmu.schmurian.xyz),Yes,No,Yes,Yes,Yes,1,0,0,??,4,0.19.11
[Eldritch Mlems](https://mlem.eldritch.gift) (mlem.eldritch.gift),Yes,No,Yes,Yes,Yes,1,10,0,99%,16,0.19.11
[okr765](https://lemmy.okr765.com) (lemmy.okr765.com),Yes,Yes,Yes,Yes,Yes,1,2,0,100%,13,0.19.9
[Sergey's Lemmy](https://lem.serkozh.me) (lem.serkozh.me),Yes,No,Yes,Yes,Yes,1,0,0,99%,22,0.19.11
[Lemmy!](https://lemmy.chiisana.net) (lemmy.chiisana.net),Yes,No,Yes,Yes,Yes,1,1,0,100%,22,0.19.3
[Lemmy on Kubernetes](https://lemmy.baie.me) (lemmy.baie.me),Yes,Yes,Yes,Yes,Yes,1,0,0,96%,6,0.19.11
[idlestate](https://news.idlestate.org) (news.idlestate.org),Yes,Yes,Yes,Yes,Yes,1,0,0,99%,22,0.19.11
[Johannes!](https://lemmy.jhjacobs.nl) (lemmy.jhjacobs.nl),Yes,Yes,Yes,Yes,Yes,1,0,0,??,5,0.19.8
[Lemmieres](https://lemmy.sotu.casa) (lemmy.sotu.casa),Yes,Yes,Yes,Yes,Yes,1,0,0,??,20,0.19.9
[Umweltschutz Links](https://natur.23.nu) (natur.23.nu),Yes,No,Yes,Yes,Yes,1,0,0,??,11,0.19.8
[lemmy.dexlit](https://lemmy.dexlit.xyz) (lemmy.dexlit.xyz),Yes,No,Yes,Yes,Yes,1,0,0,??,20,0.19.3
[crocworld lemmy](https://lemmy.croc.pw) (lemmy.croc.pw),Yes,No,Yes,Yes,Yes,1,0,0,100%,22,0.19.11
[My Lemmy Instance](https://lemmy.noellesporn.de) (lemmy.noellesporn.de),Yes,Yes,Yes,Yes,Yes,1,1,0,??,14,0.19.3
[schlunker](https://lemmy.schlunker.com) (lemmy.schlunker.com),Yes,Yes,Yes,Yes,Yes,1,1,0,99%,22,0.19.5
[Norbi's Lemmy](https://lemmy.norbipeti.eu) (lemmy.norbipeti.eu),Yes,Yes,Yes,Yes,Yes,1,0,0,100%,12,0.19.8
[Jellie Frontier](https://lemmy.jelliefrontier.net) (lemmy.jelliefrontier.net),Yes,No,No,Yes,Yes,1,0,0,95%,4,0.19.7
[Deedium Fediverse](https://lemmy.deedium.nl) (lemmy.deedium.nl),Yes,Yes,Yes,Yes,Yes,1,0,0,100%,12,0.19.9
[1337lemmy](https://1337lemmy.com) (1337lemmy.com),Yes,Yes,Yes,Yes,Yes,1,0,0,99%,22,0.19.11
[Lemmy - RazBot](https://lemmy.razbot.xyz) (lemmy.razbot.xyz),Yes,Yes,Yes,Yes,Yes,1,10,0,99%,19,0.19.9
[Crony's Dungeon](https://lemmy.cronyakatsuki.xyz) (lemmy.cronyakatsuki.xyz),Yes,No,Yes,Yes,Yes,1,1,0,100%,16,0.19.7
[walledgarden.xyz](https://walledgarden.xyz),Yes,No,Yes,Yes,Yes,1,0,0,100%,9,0.19.11
[Mad & Lemmy](https://lemmy.mad-social.net) (lemmy.mad-social.net),Yes,Yes,No,Yes,Yes,1,0,0,100%,0,0.19.11
[0xDEADCADE's Lemmy](https://lemmy.deadca.de) (lemmy.deadca.de),Yes,No,Yes,Yes,Yes,1,2,0,??,22,0.19.9
[The Wired](https://wired.bluemarch.art) (wired.bluemarch.art),Yes,Yes,Yes,Yes,Yes,1,4,0,100%,22,0.19.8
[CrimeDad's Lemmy](https://lemmy.crimedad.work) (lemmy.crimedad.work),Yes,Yes,Yes,Yes,Yes,1,7,0,??,20,0.19.8
[Baraza](https://baraza.africa) (baraza.africa),Yes,Yes,No,Yes,Yes,1,0,1,98%,54,0.19.3
[lm.inu.is](https://lm.inu.is),Yes,Yes,Yes,Yes,Yes,1,0,0,98%,22,0.19.11
[lemmy.fedi.zutto.fi](https://lemmy.fedi.zutto.fi),Yes,Yes,Yes,Yes,Yes,1,3,0,100%,11,0.19.11
[Great Pyramid](https://lemmy.greatpyramid.social) (lemmy.greatpyramid.social),Yes,Yes,Yes,Yes,Yes,1,0,0,99%,7,0.19.8
[Dullsters.net](https://dullsters.net),Yes,No,Yes,No,Yes,1,0,0,100%,2,0.19.9
[UmU](https://lemmy.umucat.day) (lemmy.umucat.day),Yes,No,Yes,No,No,1,0,0,99%,15,0.19.9
[nowsci](https://lemmy.nowsci.com) (lemmy.nowsci.com),Yes,Yes,Yes,Yes,Yes,1,183,0,??,22,0.19.8
[Flare Network Forums](https://lemmy.darkc0de.one) (lemmy.darkc0de.one),Yes,Yes,Yes,Yes,Yes,1,0,0,??,1,0.19.9
[lemmy](https://lemmy.self-hosted.site) (lemmy.self-hosted.site),Yes,No,Yes,Yes,Yes,1,0,0,99%,22,0.19.9
[Lemmy](https://lemmy.paulstevens.org) (lemmy.paulstevens.org),Yes,Yes,Yes,Yes,Yes,1,0,0,??,21,0.19.9
[Paulo's Lemmy](https://lemmy.plaureano.nohost.me) (lemmy.plaureano.nohost.me),Yes,No,Yes,No,Yes,1,0,0,91%,2,0.19.8
[ubergeek77's Lemmy](https://lemmy.ubergeek77.chat) (lemmy.ubergeek77.chat),Yes,Yes,Yes,Yes,Yes,1,11,0,99%,22,0.19.7
[Horwood Cloud](https://lemmy.horwood.cloud) (lemmy.horwood.cloud),Yes,Yes,Yes,Yes,Yes,1,0,0,99%,20,0.19.11
[Blood Red Moon](https://social.bloodredmoon.us) (social.bloodredmoon.us),Yes,Yes,Yes,Yes,Yes,1,0,0,??,0,0.19.11
[r/sauna](https://r-sauna.fi) (r-sauna.fi),Yes,No,Yes,Yes,Yes,1,0,7,98%,22,0.19.1
[Lemmy Posterdati](https://l.posterdati.it) (l.posterdati.it),Yes,Yes,No,Yes,Yes,1,0,0,100%,4,0.19.5
[From Shadows](https://lemmy.fromshado.ws) (lemmy.fromshado.ws),Yes,No,Yes,No,Yes,1,2,0,99%,22,0.19.11
[lemmy.yachts](https://lemmy.yachts),Yes,Yes,Yes,Yes,Yes,1,0,0,98%,20,0.19.7
[Lemmy.InButts.LOL](https://lemmy.inbutts.lol),Yes,No,Yes,Yes,Yes,1,1,0,99%,21,0.19.10
[Lemmy Balamb](https://lemmy.balamb.fr) (lemmy.balamb.fr),Yes,No,Yes,No,No,1,0,0,95%,21,0.19.10
[moonboot labs social](https://lemmy.mbl.social) (lemmy.mbl.social),Yes,Yes,Yes,Yes,Yes,1,2,0,99%,22,0.19.10
[CringeCollective](https://lemmy.cringecollective.io) (lemmy.cringecollective.io),Yes,Yes,Yes,Yes,Yes,1,0,0,100%,11,0.19.3
[OrcasEnjoyingYachts](https://orcas.enjoying.yachts) (orcas.enjoying.yachts),Yes,No,Yes,No,Yes,1,1,0,??,21,0.19.10
[sammich.es](https://sammich.es),Yes,Yes,Yes,Yes,Yes,1,0,0,100%,21,0.19.3
[egos.tech Lemmy](https://lemmy.egos.tech) (lemmy.egos.tech),Yes,Yes,Yes,Yes,Yes,1,0,0,??,0,0.19.11
[Fabio's Lemmy](https://lemmy.manganiello.tech) (lemmy.manganiello.tech),Yes,Yes,Yes,Yes,Yes,1,0,0,100%,0,0.19.11
[the lemmy.monster](https://lemmy.monster) (lemmy.monster),Yes,No,Yes,Yes,Yes,1,11,0,97%,22,0.19.7
[criticalbasics](https://lemmy.criticalbasics.xyz) (lemmy.criticalbasics.xyz),Yes,Yes,Yes,Yes,Yes,1,0,0,95%,22,0.19.11
[halubilo.social](https://halubilo.social),Yes,Yes,Yes,Yes,Yes,1,1,0,99%,22,0.19.3
[Doomscroll](https://doomscroll.n8e.dev) (doomscroll.n8e.dev),Yes,Yes,Yes,Yes,Yes,1,0,0,100%,17,0.19.11
[Lemmy](https://lemmy.byrdcrouse.com) (lemmy.byrdcrouse.com),Yes,No,Yes,Yes,Yes,1,4,1,??,20,0.19.11
[Lemmy](https://lemmy.skumring.com) (lemmy.skumring.com),Yes,No,Yes,Yes,Yes,1,0,0,100%,0,0.19.11
[Personal Lemmy](https://lemmy.100010101.xyz) (lemmy.100010101.xyz),Yes,Yes,Yes,Yes,Yes,1,3,0,100%,20,0.19.11
[The Dojo Review](https://lemmy.socdojo.com) (lemmy.socdojo.com),Yes,No,Yes,Yes,Yes,1,1,0,97%,6,0.19.9
[lemmy.sieprawski.pl](https://lemmy.sieprawski.pl),Yes,No,Yes,Yes,Yes,1,0,0,99%,17,0.19.8
[Lemmy-B](https://lemmy.jimmy-b.se) (lemmy.jimmy-b.se),Yes,Yes,Yes,Yes,Yes,1,0,0,??,0,0.19.11
[Moose.Best](https://moose.best),Yes,Yes,Yes,Yes,Yes,1,0,0,92%,17,0.19.11
[Spaceships Lemmy](https://lemmy.spaceships.me) (lemmy.spaceships.me),Yes,No,Yes,No,Yes,1,1,0,??,3,0.19.8
[√∏ Lemmy Zero D √∏](https://0d.gs) (0d.gs),Yes,Yes,Yes,No,Yes,1,0,0,??,17,0.19.11
[FediTown](https://feditown.com) (feditown.com),Yes,No,Yes,Yes,Yes,1,5,0,??,18,0.19.11
[Dr. Lemmy](https://drlemmy.net) (drlemmy.net),Yes,Yes,Yes,Yes,Yes,1,0,0,98%,22,0.19.3
[Lemmy](https://acqrs.co.uk) (acqrs.co.uk),Yes,Yes,Yes,Yes,Yes,1,0,0,100%,22,0.19.10
[Simpl Lemmy](https://lemmy.simpl.website) (lemmy.simpl.website),Yes,No,Yes,Yes,Yes,1,0,0,100%,22,0.19.3
[The Health Community](https://healthy.community) (healthy.community),Yes,Yes,Yes,No,Yes,1,0,0,??,17,0.19.8
[maleficium](https://maleficium.co) (maleficium.co),Yes,Yes,Yes,Yes,Yes,1,0,0,??,1,0.19.11
[Mindoki](https://lemmy.mindoki.com) (lemmy.mindoki.com),Yes,No,Yes,Yes,Yes,1,0,0,95%,9,0.19.10
[NerdHouse Social](https://social.nerdhouse.io) (social.nerdhouse.io),Yes,Yes,Yes,Yes,Yes,1,0,0,??,22,0.19.7
[lemmy.mkwarman.com](https://lemmy.mkwarman.com),Yes,No,Yes,Yes,Yes,1,0,0,98%,16,0.19.5
[Lemmy.graphics](https://lemmy.graphics),Yes,No,Yes,Yes,Yes,1,0,0,99%,22,0.19.3
[MagiCat](https://up.magicat.dev) (up.magicat.dev),Yes,No,Yes,No,No,1,0,0,100%,0,0.19.10
[Forum.UCB](https://forum.uncomfortable.business) (forum.uncomfortable.business),Yes,No,Yes,Yes,Yes,1,0,0,100%,10,0.19.11
[Lemmy.HybridSarcasm](https://lemmy.hybridsarcasm.xyz) (lemmy.hybridsarcasm.xyz),Yes,Yes,Yes,Yes,Yes,1,0,0,??,18,0.19.7
[LibreTechni.ca](https://libretechni.ca),Yes,Yes,Yes,No,No,1,1,0,99%,9,0.19.5
[XOYNQ](https://lemmy.xoynq.com) (lemmy.xoynq.com),Yes,No,Yes,Yes,Yes,1,0,0,98%,9,0.19.5
[New Site](https://lemmy-goon.theflarf.com) (lemmy-goon.theflarf.com),Yes,No,Yes,Yes,Yes,1,0,0,??,0,0.19.10
[Catata.fish](https://catata.fish),Yes,No,Yes,Yes,Yes,1,5,0,96%,20,0.19.11
[LemmyLocal](https://lemmy.packitsolutions.net) (lemmy.packitsolutions.net),Yes,Yes,Yes,Yes,Yes,1,0,1,98%,20,0.19.8
[ShowEQ Lemmy](https://showeq.com) (showeq.com),Yes,Yes,Yes,Yes,Yes,1,0,0,99%,18,0.19.5
[Skulls everywhere](https://popplesburger.hilciferous.nl) (popplesburger.hilciferous.nl),Yes,No,Yes,Yes,Yes,1,26,0,98%,22,0.19.11
[spgrn](https://spgrn.com) (spgrn.com),Yes,Yes,Yes,No,Yes,1,3,0,99%,22,0.19.11
[tkohhh.social](https://tkohhh.social),Yes,No,Yes,Yes,Yes,1,2,0,??,21,0.19.11
[SAGF](https://lmy.sagf.io) (lmy.sagf.io),Yes,No,Yes,Yes,Yes,1,0,0,97%,20,0.19.11
[A Federation](https://lem.cochrun.xyz) (lem.cochrun.xyz),Yes,Yes,Yes,Yes,Yes,1,0,0,??,22,0.19.8
[FederateLOL](https://lemmy.federate.lol) (lemmy.federate.lol),Yes,No,Yes,Yes,Yes,1,1,0,91%,20,0.19.8
[Rabotaem!](https://api-dev.rabotaem.app) (api-dev.rabotaem.app),Yes,Yes,Yes,Yes,Yes,1,0,0,??,0,0.19.10
[lemmy.411426](https://lemmy.411426.xyz) (lemmy.411426.xyz),Yes,Yes,Yes,Yes,Yes,1,0,0,??,0,0.19.10
[fedii.me](https://fedii.me),Yes,No,Yes,Yes,Yes,1,0,0,100%,21,0.19.11
[PLG Social](https://social.packetloss.gg) (social.packetloss.gg),Yes,No,Yes,No,Yes,1,6,0,100%,20,0.19.11
[SUB Community](https://sub.community) (sub.community),Yes,No,Yes,No,Yes,1,0,0,100%,3,0.19.11
[McHome Lemmy](https://l.mchome.net) (l.mchome.net),Yes,Yes,Yes,Yes,Yes,1,0,0,99%,22,0.19.9
[Campfyre](https://campfyre.nickwebster.dev) (campfyre.nickwebster.dev),Yes,Yes,Yes,Yes,Yes,1,12,0,99%,21,0.19.7
[Mats.ooo Lemmy](https://lemmy.mats.ooo) (lemmy.mats.ooo),Yes,No,Yes,Yes,Yes,1,0,0,??,4,0.19.11
[Lemmy @ Ananace.dev](https://lemmy.ananace.dev) (lemmy.ananace.dev),Yes,Yes,Yes,Yes,Yes,1,0,0,94%,22,0.19.11
[Mods4Ever](https://lemmy.mods4ever.com) (lemmy.mods4ever.com),Yes,No,Yes,Yes,No,1,0,0,100%,21,0.19.11
[MajorLemmy](https://lemmy.majorshouse.com) (lemmy.majorshouse.com),Yes,Yes,Yes,Yes,Yes,1,0,0,??,1,0.19.9
[√Öhall](https://lemmy.ahall.se) (lemmy.ahall.se),Yes,No,Yes,Yes,Yes,1,0,0,98%,21,0.19.3
[Javant](https://lemmy.javant.xyz) (lemmy.javant.xyz),Yes,No,Yes,Yes,Yes,1,0,0,98%,22,0.19.11
[No Last Name Needed](https://no.lastname.nz) (no.lastname.nz),Yes,No,Yes,Yes,Yes,1,5,0,100%,22,0.19.11
[lemmy](https://lemmy.dev.sebathefox.dk) (lemmy.dev.sebathefox.dk),Yes,Yes,Yes,Yes,Yes,1,0,0,??,8,0.19.8
[FWGX Lemmy](https://lemmy.fwgx.uk) (lemmy.fwgx.uk),Yes,No,Yes,Yes,Yes,1,0,0,99%,22,0.19.3
[Roanoke Social](https://roanoke.social) (roanoke.social),Yes,No,No,No,Yes,1,0,0,??,21,0.19.10
[lemmy.co.nz](https://lemmy.co.nz),Yes,Yes,Yes,Yes,Yes,1,0,0,100%,20,0.19.5
[masto.community](https://lemmy.masto.community) (lemmy.masto.community),Yes,Yes,Yes,Yes,Yes,1,0,0,100%,21,0.19.3
[rocketsfall](https://social.rocketsfall.net) (social.rocketsfall.net),Yes,No,Yes,Yes,Yes,1,4,0,100%,21,0.19.3
[Lemmy](https://lemmy.blackeco.com) (lemmy.blackeco.com),Yes,Yes,Yes,Yes,Yes,1,1,0,??,21,0.19.11
[Lemmy @ SOLUX](https://lemmy.solux.cc) (lemmy.solux.cc),Yes,Yes,No,Yes,Yes,1,0,0,??,2,0.19.5
[Multivers](https://lemmy.multivers.cc) (lemmy.multivers.cc),Yes,Yes,Yes,Yes,Yes,1,1,0,97%,21,0.19.8
[Trippy Lemmy](https://lemmy.trippy.pizza) (lemmy.trippy.pizza),Yes,No,Yes,Yes,Yes,1,0,0,100%,22,0.19.6
[NekuSoul-Lemmy](https://lemmy.nekusoul.de) (lemmy.nekusoul.de),Yes,No,Yes,Yes,Yes,1,0,0,??,21,0.19.8
[86thumbs](https://lemmy.86thumbs.net) (lemmy.86thumbs.net),Yes,No,Yes,Yes,Yes,1,2,0,99%,22,0.19.5
[Usenet](https://usenet.lol) (usenet.lol),Yes,Yes,Yes,Yes,Yes,1,0,0,??,14,0.19.7
[Uninsane](https://lemmy.uninsane.org) (lemmy.uninsane.org),Yes,Yes,Yes,Yes,Yes,1,0,0,94%,23,0.19.11
[Lemmy: Bestiverse](https://lemmy.bestiver.se) (lemmy.bestiver.se),Yes,Yes,Yes,No,Yes,1,1,0,100%,7,0.19.5
[StuartLemmy](https://lemmy.stuart.fun) (lemmy.stuart.fun),Yes,Yes,Yes,Yes,Yes,1,0,0,??,2,0.19.9
[Welppp](https://welppp.com) (welppp.com),Yes,Yes,No,Yes,Yes,1,0,23,100%,10,0.19.5
[Lemmy fait ch...](https://lemmy.fait.ch) (lemmy.fait.ch),Yes,No,Yes,Yes,Yes,1,0,0,??,22,0.19.8
[lemmy.sietch.online](https://lemmy.sietch.online),Yes,No,Yes,Yes,Yes,1,0,0,99%,22,0.19.9
[unboiled.info](https://lemmy.unboiled.info) (lemmy.unboiled.info),Yes,No,Yes,Yes,Yes,1,0,0,96%,21,0.19.11
[nerdcore instance](https://lemmy.nerdcore.social) (lemmy.nerdcore.social),Yes,Yes,Yes,Yes,Yes,1,7,0,99%,22,0.19.11
[Chez Marud](https://lemmy.marud.fr) (lemmy.marud.fr),Yes,Yes,Yes,Yes,Yes,1,1,0,99%,22,0.19.8
[blugatch.tube](https://lemmy.blugatch.tube) (lemmy.blugatch.tube),Yes,Yes,Yes,Yes,Yes,1,3,0,99%,22,0.19.10
[LANoftheDead](https://odin.lanofthedead.xyz) (odin.lanofthedead.xyz),Yes,Yes,Yes,Yes,Yes,1,5,0,??,22,0.19.10
[ConorAB](https://lemmy.conorab.com) (lemmy.conorab.com),Yes,Yes,Yes,Yes,Yes,1,0,0,97%,21,0.19.5
[Trash Brain](https://lem.trashbrain.org) (lem.trashbrain.org),Yes,Yes,Yes,Yes,Yes,1,0,0,100%,21,0.19.11
[Under the Jacaranda](https://lemmy.jacaranda.club) (lemmy.jacaranda.club),Yes,Yes,Yes,Yes,Yes,1,0,0,97%,22,0.19.7
[Helvetet](https://lemmy.helvetet.eu) (lemmy.helvetet.eu),Yes,No,Yes,No,Yes,1,1,0,??,19,0.19.11
[/dev/sw0](https://l.sw0.com) (l.sw0.com),Yes,Yes,Yes,Yes,Yes,1,0,0,100%,21,0.19.10
[Nadia's links](https://links.nadia.moe) (links.nadia.moe),Yes,No,Yes,No,No,1,0,0,100%,35,0.19.11
[Lemmy Mengsk](https://lemmy.mengsk.org) (lemmy.mengsk.org),Yes,Yes,Yes,Yes,Yes,1,1,0,??,17,0.19.8
[SWG Empire](https://swg-empire.de) (swg-empire.de),Yes,No,Yes,Yes,Yes,1,1,0,99%,21,0.19.10
[supernova.place](https://supernova.place),Yes,Yes,Yes,Yes,Yes,1,0,0,100%,21,0.19.8
[Upvote!](https://upvote.au) (upvote.au),Yes,Yes,Yes,Yes,Yes,1,0,0,100%,22,0.19.6
[Rimkus Community](https://lemmy.rimkus.it) (lemmy.rimkus.it),Yes,Yes,Yes,Yes,Yes,1,0,0,??,4,0.19.11
[Digital's Lemmy](https://lemmy.digitalcharon.in) (lemmy.digitalcharon.in),Yes,No,Yes,Yes,Yes,1,1,0,99%,21,0.19.11
[Talk  Digerty.com](https://talk.digerty.com) (talk.digerty.com),Yes,No,Yes,No,Yes,1,0,0,??,0,0.19.11
[kyu](https://kyu.de) (kyu.de),Yes,Yes,Yes,Yes,Yes,1,0,0,99%,22,0.19.9
[Johnnei's World](https://lemmy.johnnei.org) (lemmy.johnnei.org),Yes,No,Yes,Yes,Yes,1,2,0,??,21,0.19.9
[Freewill Tiger](https://lemmy.freewilltiger.page) (lemmy.freewilltiger.page),Yes,No,Yes,Yes,Yes,1,0,0,??,5,0.19.10
[lemmy.espr.me](https://lemmy.espr.me),Yes,Yes,Yes,Yes,Yes,1,0,0,??,0,0.19.11
[Wooskey Lemmy](https://lemmy.thewooskeys.com) (lemmy.thewooskeys.com),Yes,Yes,Yes,Yes,Yes,1,0,0,??,10,0.19.11
[Federation Red](https://federation.red) (federation.red),Yes,No,Yes,Yes,Yes,1,0,0,??,16,0.19.8
[K-Money's Lemmy](https://lemmy.kmoneyserver.com) (lemmy.kmoneyserver.com),Yes,No,Yes,Yes,Yes,1,0,0,99%,21,0.19.11
[Lemmy.eus](https://lemmy.eus),Yes,Yes,Yes,Yes,Yes,1,1,0,??,52,0.19.7
[Corgi Lemmings](https://lemmings.sopelj.ca) (lemmings.sopelj.ca),Yes,Yes,Yes,Yes,Yes,1,0,0,99%,21,0.19.8
[Casa Vaga](https://casavaga.com) (casavaga.com),Yes,Yes,Yes,Yes,Yes,1,0,0,99%,21,0.19.9
[Stammtisch](https://stammtisch.hallertau.social) (stammtisch.hallertau.social),Yes,Yes,No,Yes,Yes,1,1,0,99%,51,0.19.11
[Lemmy  PussTheCat](https://lemmy.pussthecat.org) (lemmy.pussthecat.org),Yes,Yes,Yes,Yes,Yes,1,0,0,100%,22,0.19.10
[Krab Borg](https://krabb.org) (krabb.org),Yes,No,Yes,Yes,Yes,1,97,0,??,22,0.19.5
[Starbase 80 Lemmy](https://lemmy.starbase80.dev) (lemmy.starbase80.dev),Yes,No,Yes,Yes,Yes,1,0,0,??,19,0.19.11
[Campground](https://lemmy.aicampground.com) (lemmy.aicampground.com),Yes,Yes,Yes,Yes,Yes,1,0,0,??,2,0.19.10
[Saik0-Lemmy](https://lemmy.saik0.com) (lemmy.saik0.com),Yes,No,Yes,Yes,Yes,1,0,1,99%,22,0.19.9
[Lemmy.cat](https://lemmy.casually.cat) (lemmy.casually.cat),Yes,Yes,Yes,Yes,Yes,0,1,0,??,2,0.19.8
[AzamServer](https://lemmy.azamserver.com) (lemmy.azamserver.com),Yes,No,Yes,Yes,Yes,0,0,0,96%,17,0.19.3
[Falconry Party!](https://falconry.party) (falconry.party),Yes,No,Yes,No,Yes,0,0,0,99%,21,0.19.10
[My Lemmy](https://lemmy.dropdoos.nl) (lemmy.dropdoos.nl),Yes,No,No,Yes,Yes,0,0,0,??,20,0.19.3
[MRM](https://lemmy.mrm.one) (lemmy.mrm.one),Yes,No,Yes,Yes,Yes,0,39,0,99%,22,0.19.11
[Cult I Mean Group](https://lemmy.cultimean.group) (lemmy.cultimean.group),Yes,Yes,Yes,Yes,Yes,0,0,0,100%,22,0.19.8
[lemmy.mlaga97.space](https://lemmy.mlaga97.space),Yes,Yes,Yes,Yes,Yes,0,0,0,96%,16,0.19.5
[Cogindo](https://lemmy.cogindo.net) (lemmy.cogindo.net),Yes,Yes,Yes,Yes,Yes,0,0,0,100%,21,0.19.10
[MyFirstLemmy](https://lemmy.anymore.nl) (lemmy.anymore.nl),Yes,No,Yes,Yes,Yes,0,0,0,??,22,0.19.11
[kuuhana](https://kuu.kohana.fi) (kuu.kohana.fi),Yes,No,Yes,Yes,Yes,0,0,0,100%,21,0.19.3
[lemmy.0upti.me](https://lemmy.0upti.me),Yes,Yes,Yes,Yes,Yes,0,0,0,100%,5,0.19.11
[My Lemny](https://lemmy.zwanenburg.info) (lemmy.zwanenburg.info),Yes,Yes,Yes,Yes,Yes,0,0,0,100%,21,0.19.11
[Lemmy@Moonling.nl](https://lemmy.moonling.nl) (lemmy.moonling.nl),Yes,No,Yes,Yes,Yes,0,4,0,99%,22,0.19.3
[My Lemmy Oracle](https://lemmy.notmy.cloud) (lemmy.notmy.cloud),Yes,No,Yes,Yes,Yes,0,1,0,96%,21,0.19.5
[lemmy.menos](https://lemmy.menos.gotdns.org) (lemmy.menos.gotdns.org),Yes,Yes,Yes,Yes,Yes,0,0,0,??,22,0.19.10
[Urbanhost](https://lemmy.urbanhost.top) (lemmy.urbanhost.top),Yes,Yes,Yes,Yes,Yes,0,0,0,??,21,0.19.10
[Antique Lemmy](https://antiquelemmy.com) (antiquelemmy.com),Yes,No,Yes,Yes,Yes,0,0,0,??,20,0.19.11
[lemmy.xev](https://lemmy.xeviousx.eu) (lemmy.xeviousx.eu),Yes,Yes,Yes,Yes,Yes,0,0,0,100%,2,0.19.8
[lemmiys](https://lemmy.iys.io) (lemmy.iys.io),Yes,Yes,Yes,Yes,Yes,0,2,0,100%,22,0.19.3
[corrigan.space](https://corrigan.space),Yes,No,Yes,Yes,Yes,0,0,0,98%,21,0.19.11
[Boba Milk Tea](https://t.bobamilktea.xyz) (t.bobamilktea.xyz),Yes,No,Yes,Yes,Yes,0,119,0,99%,21,0.19.5
[Derock's Lemmy](https://lemmy.derock.dev) (lemmy.derock.dev),Yes,Yes,Yes,Yes,Yes,0,0,0,??,10,0.19.5
[unreachable.cloud](https://unreachable.cloud),Yes,Yes,Yes,Yes,Yes,0,0,0,??,18,0.19.5
[Jaypg](https://lemmy.jaypg.pw) (lemmy.jaypg.pw),Yes,Yes,Yes,Yes,Yes,0,0,0,??,18,0.19.3
[Brdsnest Lemmy](https://lemmy.brdsnest.net) (lemmy.brdsnest.net),Yes,Yes,Yes,Yes,Yes,0,0,0,99%,22,0.19.5
[zImage](https://lemmy.zimage.com) (lemmy.zimage.com),Yes,Yes,Yes,Yes,Yes,0,0,0,94%,20,0.19.5
[social.dn42.us](https://social.dn42.us),Yes,No,Yes,Yes,Yes,0,0,0,??,22,0.19.3
[Alien Top](https://alien.top) (alien.top),Yes,No,Yes,Yes,Yes,0,0,27,98%,18,0.19.5
[w9r.de](https://lemmy.w9r.de) (lemmy.w9r.de),Yes,No,Yes,Yes,Yes,0,0,0,100%,22,0.19.9
[Shadesmar](https://lemmy.demonoftheday.eu) (lemmy.demonoftheday.eu),Yes,Yes,Yes,Yes,Yes,0,0,0,??,22,0.19.4
[Ask the Peopleverse](https://lemmy.peoplever.se) (lemmy.peoplever.se),Yes,No,Yes,Yes,Yes,0,0,0,??,10,0.19.8
[Minecloud Lemmy](https://lemmy.minecloud.ro) (lemmy.minecloud.ro),Yes,Yes,Yes,Yes,Yes,0,0,0,98%,21,0.19.7
[Gifted Minecraft](https://lemmy.giftedmc.com) (lemmy.giftedmc.com),Yes,Yes,Yes,Yes,Yes,0,1,0,99%,18,0.19.9
[The Garden](https://lemmy.lukeog.com) (lemmy.lukeog.com),Yes,No,Yes,Yes,Yes,0,0,1,??,22,0.19.4-rc.11
[My Lemmy Instance](https://lm.sethp.cc) (lm.sethp.cc),Yes,No,Yes,Yes,Yes,0,2,0,??,16,0.19.5
[Silver's Home](https://lemmy.brendan.ie) (lemmy.brendan.ie),Yes,No,Yes,Yes,Yes,0,0,0,??,21,0.19.3
[lemmy.wentam.net](https://lemmy.wentam.net),Yes,Yes,Yes,Yes,Yes,0,0,0,98%,16,0.19.5
[social.sour.is](https://social.sour.is),Yes,No,Yes,Yes,Yes,0,0,0,99%,22,0.19.3
[Dendarii](https://dendarii.alaeron.com) (dendarii.alaeron.com),Yes,Yes,Yes,Yes,Yes,0,0,0,97%,22,0.19.9
[lemmy.tf](https://lemmy.tf),Yes,Yes,Yes,Yes,Yes,0,0,1,??,22,0.19.8
[Reddeet](https://reddeet.com) (reddeet.com),Yes,No,Yes,Yes,Yes,0,10,0,??,16,0.19.8
[Phusmugugs](https://lemmy.runesmite.com) (lemmy.runesmite.com),Yes,No,Yes,No,Yes,0,1,0,99%,8,0.19.11
[LemmyStor](https://lemmy.parastor.net) (lemmy.parastor.net),Yes,Yes,Yes,Yes,Yes,0,2,0,??,21,0.19.11
[happysl.app](https://happysl.app),Yes,Yes,Yes,Yes,Yes,0,0,0,98%,21,0.19.9
[lemmy.skoops.social](https://lemmy.skoops.social),Yes,Yes,Yes,Yes,Yes,0,0,0,98%,13,0.19.3
[KittiesAreCute!](https://ascy.mooo.com) (ascy.mooo.com),Yes,Yes,Yes,Yes,Yes,0,0,0,??,22,0.19.11
[Lemmy](https://lemmy.laitinlok.com) (lemmy.laitinlok.com),Yes,No,Yes,No,Yes,0,0,2,??,3,0.19.8
[Lemmy Killtime](https://lemmy.killtime.online) (lemmy.killtime.online),Yes,No,Yes,Yes,Yes,0,0,0,100%,20,0.19.3
[fjdk](https://fjdk.uk) (fjdk.uk),Yes,Yes,Yes,Yes,Yes,0,0,0,97%,22,0.19.8
[Lemmy@em](https://lemmy.installation00.org) (lemmy.installation00.org),Yes,Yes,Yes,Yes,Yes,0,0,0,??,14,0.19.9
[Switter.su](https://switter.su),Yes,Yes,Yes,Yes,Yes,0,0,3,??,21,0.19.10
[minigubben's lemmy](https://lemmy.minigubben.se) (lemmy.minigubben.se),Yes,No,Yes,Yes,Yes,0,0,0,??,21,0.19.7
[Nannoda Lemmy](https://lemmy.nannoda.com) (lemmy.nannoda.com),Yes,No,No,Yes,Yes,0,0,0,??,14,0.19.3
[Lemmy@LuSj](https://lemmy.lundgrensjostrom.com) (lemmy.lundgrensjostrom.com),Yes,Yes,Yes,Yes,Yes,0,0,0,94%,12,0.19.5
[ProIT](https://proit.org) (proit.org),Yes,No,Yes,Yes,Yes,0,0,0,100%,22,0.19.5
[Discover](https://discover.deltanauten.de) (discover.deltanauten.de),Yes,Yes,Yes,Yes,No,0,0,0,??,21,0.19.11
[Bit Goblin/Lemmy](https://lemmy.bitgoblin.tech) (lemmy.bitgoblin.tech),Yes,No,Yes,No,Yes,0,0,0,??,21,0.19.7
[schoenwolf-schroeder](https://lemmy.schoenwolf-schroeder.com) (lemmy.schoenwolf-schroeder.com),Yes,Yes,Yes,Yes,Yes,0,0,0,99%,13,0.19.3
[bp99 lemmy](https://lemmy.bp99.eu) (lemmy.bp99.eu),Yes,Yes,Yes,Yes,Yes,0,0,0,??,8,0.19.11
[Scam-Lemmy.me](https://lemmy.scam-mail.me) (lemmy.scam-mail.me),Yes,Yes,Yes,Yes,Yes,0,0,0,97%,11,0.19.9
[Lemmy ](https://lm.williampuckering.com) (lm.williampuckering.com),Yes,No,Yes,Yes,Yes,0,0,0,??,22,0.19.4
[TasLem](https://lemmy.nine-hells.net) (lemmy.nine-hells.net),Yes,No,Yes,Yes,Yes,0,0,0,??,22,0.19.11
[M'enfin!](https://lemmy.menf.in) (lemmy.menf.in),Yes,No,No,Yes,Yes,0,0,0,100%,21,0.19.8
[Sya's Lemmy](https://lemmy.syrasu.com) (lemmy.syrasu.com),Yes,No,Yes,Yes,Yes,0,0,0,93%,22,0.19.1
[vyizis.tech](https://lemmy.vyizis.tech) (lemmy.vyizis.tech),Yes,Yes,Yes,Yes,Yes,0,0,0,98%,12,0.19.11
[·É°·Éê·É•·Éê·É†·Éó·Éï·Éî·Éö·Éù](https://forumrs.com) (forumrs.com),Yes,Yes,Yes,No,Yes,0,0,0,100%,4,0.19.7
[whemic.xyz](https://whemic.xyz),Yes,No,Yes,Yes,Yes,0,0,0,??,21,0.19.6
[GF4 Lemmy](https://lemmy.gf4.pw) (lemmy.gf4.pw),Yes,Yes,No,Yes,Yes,0,0,0,??,3,0.19.8
[lem.afiz.org](https://lem.afiz.org),Yes,No,Yes,Yes,Yes,0,0,0,??,4,0.19.8
[The Wolf's Den](https://lemmy.pixelcollider.net) (lemmy.pixelcollider.net),Yes,No,Yes,Yes,Yes,0,0,0,??,21,0.19.5
[lemmy.snoot.tube](https://lemmy.snoot.tube),Yes,Yes,Yes,Yes,No,0,0,0,??,22,0.19.8
[lemmy.kfed.org](https://lemmy.kfed.org),Yes,No,Yes,Yes,Yes,0,0,0,??,12,0.19.11
[AgoraVerse.sh](https://agoraverse.sh),Yes,Yes,Yes,Yes,Yes,0,0,0,??,2,0.19.8
[ASTRO MAGNA HUB](https://hub.astromagna.com) (hub.astromagna.com),Yes,Yes,Yes,No,Yes,0,0,0,??,5,0.19.8
[Magnor's lemmy](https://lemmy.magnor.ovh) (lemmy.magnor.ovh),Yes,Yes,Yes,Yes,Yes,0,97,0,100%,21,0.19.10
[Tom's Lemmy](https://lemmy.tomkoreny.com) (lemmy.tomkoreny.com),Yes,No,Yes,Yes,Yes,0,0,0,98%,2,0.19.9
[Lemmy](https://lemmy.waynetec.us) (lemmy.waynetec.us),Yes,Yes,Yes,Yes,Yes,0,0,0,??,20,0.19.5
[SudoVanilla Lemmy](https://lemmy.sudovanilla.org) (lemmy.sudovanilla.org),Yes,Yes,Yes,Yes,Yes,0,0,0,99%,3,0.19.8
[Lemmy](https://discuss.icewind.me) (discuss.icewind.me),Yes,Yes,Yes,Yes,Yes,0,0,0,100%,22,0.19.5
[Lemuria](https://lemuria.es) (lemuria.es),Yes,Yes,Yes,No,Yes,0,0,0,??,21,0.19.11
[New Site](https://lemmy.linden.social) (lemmy.linden.social),Yes,Yes,Yes,Yes,Yes,0,0,0,99%,21,0.19.3
[lemmy.flicke.red](https://lemmy.flicke.red),Yes,No,Yes,Yes,Yes,0,0,0,100%,2,0.19.8
[social@p80.se](https://social.p80.se) (social.p80.se),Yes,Yes,Yes,Yes,Yes,0,0,0,??,8,0.19.9
[LemmyLink](https://lemmylink.com) (lemmylink.com),Yes,Yes,No,Yes,Yes,0,0,1,100%,2,0.19.8
[PIT.NINJA](https://lemmy.pit.ninja) (lemmy.pit.ninja),Yes,Yes,Yes,Yes,Yes,0,0,0,89%,11,0.19.3
[mebitek](https://lemmy.mebitek.com) (lemmy.mebitek.com),Yes,No,Yes,Yes,Yes,0,0,0,90%,13,0.19.3
[lemme.tolol](https://le.meto.lol) (le.meto.lol),Yes,No,Yes,No,Yes,0,0,0,??,2,0.19.8
[Konrad's Lemmy](https://lemmy.dryja.dev) (lemmy.dryja.dev),Yes,No,Yes,Yes,Yes,0,0,0,100%,1,0.19.10
[Lemmy Obscuro](https://lemmy.obscuro.be) (lemmy.obscuro.be),Yes,Yes,Yes,Yes,Yes,0,0,0,??,0,0.19.10
[OldTruk](https://lemmy.oldtr.uk) (lemmy.oldtr.uk),Yes,Yes,Yes,Yes,Yes,0,0,0,??,21,0.19.9
[Lemmy](https://lem.a3a2.uk) (lem.a3a2.uk),Yes,Yes,Yes,Yes,Yes,0,0,0,??,13,0.19.10
[AbsoluteSix](https://lemmy.absolutesix.com) (lemmy.absolutesix.com),Yes,No,Yes,Yes,Yes,0,0,0,100%,19,0.19.10
[Kyzune Threads](https://threads.kyzune.com) (threads.kyzune.com),Yes,Yes,Yes,Yes,Yes,0,0,0,??,1,0.19.11
[Private Lemmy](https://lemmy.bismith.net) (lemmy.bismith.net),Yes,Yes,Yes,Yes,Yes,0,0,0,96%,21,0.19.11
[DongXi](https://l.dongxi.ca) (l.dongxi.ca),Yes,Yes,Yes,Yes,Yes,0,0,0,100%,13,0.19.10
[ByteLemmy](https://lemmy.byteunion.com) (lemmy.byteunion.com),Yes,Yes,Yes,Yes,Yes,0,0,0,??,21,0.19.5
[EventFrontier](https://eventfrontier.com) (eventfrontier.com),Yes,No,Yes,Yes,Yes,0,0,0,??,22,0.19.8
[Soccer Forum](https://soccer.forum) (soccer.forum),Yes,No,Yes,No,Yes,0,0,0,100%,22,0.19.8
[Terrier_RG's Lemmy](https://lemmy.t-rg.ws) (lemmy.t-rg.ws),Yes,Yes,Yes,Yes,Yes,0,0,0,100%,20,0.19.11
[Piero Bosio](https://lemmy.bosio.info) (lemmy.bosio.info),Yes,No,Yes,Yes,Yes,0,0,0,??,0,0.19.8
[Fediverse.jp: Lemmy](https://lemmy.fediverse.jp) (lemmy.fediverse.jp),Yes,No,Yes,Yes,Yes,0,0,3,??,36,0.19.6-beta.7
[Lemmy of 7RG1NT](https://l.7rg1nt.moe) (l.7rg1nt.moe),Yes,No,Yes,Yes,Yes,0,0,0,??,21,0.19.11
[selfhosted](https://selfhosted.forum) (selfhosted.forum),Yes,No,Yes,No,Yes,0,0,1,100%,22,0.19.8
[Hardware Watch](https://hardware.watch) (hardware.watch),Yes,No,Yes,No,Yes,0,0,0,99%,18,0.19.8
[Maple.Social](https://maple.social),Yes,No,No,Yes,Yes,0,0,0,??,4,0.19.7
[MooreLemmy](https://lemmy.moorenet.casa) (lemmy.moorenet.casa),Yes,Yes,Yes,Yes,Yes,0,0,0,??,20,0.19.11
[Social](https://social.jrruethe.info) (social.jrruethe.info),Yes,Yes,Yes,Yes,Yes,0,0,0,??,2,0.19.8
[Moo Party](https://lemmy.moocloud.party) (lemmy.moocloud.party),Yes,Yes,Yes,Yes,Yes,0,0,0,??,10,0.19.11
[lemmy.zhukov.al](https://lemmy.zhukov.al),Yes,No,Yes,Yes,Yes,0,0,0,96%,21,0.19.5
[The Meissner's](https://lemmy.meissners.me) (lemmy.meissners.me),Yes,Yes,No,Yes,Yes,0,0,0,93%,9,0.19.9
[physfluids.fr](https://lemmy.physfluids.fr) (lemmy.physfluids.fr),Yes,Yes,Yes,No,Yes,0,13,0,98%,21,0.19.4
[Lemmy on Kubernetes](https://lemmy.technowizardry.net) (lemmy.technowizardry.net),Yes,Yes,Yes,Yes,Yes,0,0,0,??,2,0.19.8
[Pondercat RSS](https://rss.ponder.cat) (rss.ponder.cat),Yes,Yes,Yes,Yes,Yes,0,0,2,100%,9,0.19.5
[Hobbit World](https://hobbit.world) (hobbit.world),Yes,No,Yes,Yes,Yes,0,0,0,100%,21,0.19.3
[Linz Lemmy](https://linz.city) (linz.city),Yes,Yes,Yes,Yes,Yes,0,0,0,100%,21,0.19.9
[Lan Tian @ Lemmy](https://lemmy.lantian.pub) (lemmy.lantian.pub),Yes,Yes,Yes,Yes,Yes,0,1,0,100%,22,0.19.11
[lemmy rldn](https://lemmy.rldn.net) (lemmy.rldn.net),Yes,Yes,Yes,Yes,Yes,0,0,0,??,7,0.19.5
[SFW Network](https://sfw.community) (sfw.community),Yes,No,Yes,No,Yes,0,0,1,??,16,0.19.8
[Viewfinder Pro](https://viewfinder.pro) (viewfinder.pro),Yes,No,Yes,No,Yes,0,0,0,100%,18,0.19.8
[KJKalle.net](https://lemmy.kjkalle.net) (lemmy.kjkalle.net),Yes,No,Yes,Yes,Yes,0,0,0,??,2,0.19.9
[NFL](https://nfl.community) (nfl.community),Yes,Yes,Yes,No,Yes,0,0,0,97%,18,0.19.8
[Power User ](https://poweruser.forum) (poweruser.forum),Yes,Yes,Yes,No,Yes,0,0,0,100%,17,0.19.8
[MetaCritics](https://metacritics.zone) (metacritics.zone),Yes,No,Yes,No,Yes,0,0,0,96%,18,0.19.8
[Digitalunderworlds](https://zenith.digitalunderworlds.com) (zenith.digitalunderworlds.com),Yes,No,Yes,Yes,Yes,0,0,0,??,1,0.19.9
[StrangelyTyped-Dev](https://strangelytyped.dev) (strangelytyped.dev),Yes,Yes,Yes,Yes,Yes,0,0,0,??,2,0.19.8
[Sappho Social](https://sappho.social) (sappho.social),Yes,Yes,Yes,Yes,Yes,0,54,0,??,8,0.19.11
[Edikoyo Hub](https://hub.edikoyo.com) (hub.edikoyo.com),Yes,No,Yes,Yes,Yes,0,0,0,??,8,0.19.5
[NBA](https://nba.space) (nba.space),Yes,No,Yes,No,Yes,0,0,0,100%,18,0.19.8
[gioia://news](https://gioia.news) (gioia.news),Yes,No,Yes,Yes,Yes,0,0,0,99%,21,0.19.9
[Squiddit](https://lemmy.squidcopter.homeip.net) (lemmy.squidcopter.homeip.net),Yes,Yes,Yes,Yes,Yes,0,0,0,99%,1,0.19.8
[Pride Haven](https://pridehaven.social) (pridehaven.social),Yes,No,No,Yes,No,0,0,0,??,2,0.19.8
[Lemmy Thick](https://kbin.thicknahalf.com) (kbin.thicknahalf.com),Yes,No,Yes,Yes,Yes,0,0,0,99%,15,0.19.11
[NSFW AI Club](https://nsfwaiclub.com) (nsfwaiclub.com),Yes,Yes,Yes,Yes,No,0,0,1,100%,10,0.19.5
[Level Up!](https://level-up.zone) (level-up.zone),Yes,No,Yes,No,No,0,0,0,95%,13,0.19.8
[Martin's lemmy](https://martinlm.mypi.co) (martinlm.mypi.co),Yes,No,Yes,Yes,Yes,0,0,0,??,1,0.19.11
[MetaPowers](https://metapowers.org) (metapowers.org),Yes,Yes,Yes,Yes,Yes,0,0,0,99%,28,0.19.0
[enticedwanderer.com](https://lemmy.enticedwanderer.com) (lemmy.enticedwanderer.com),Yes,No,Yes,Yes,Yes,0,0,0,??,4,0.19.10
[Szymbark](https://szymbark.an0n.eu) (szymbark.an0n.eu),Yes,No,Yes,No,Yes,0,0,0,??,10,0.19.8
[Indie Hackers](https://indiehackers.space) (indiehackers.space),Yes,Yes,Yes,No,Yes,0,0,0,??,17,0.19.8
[style.land](https://style.land),Yes,Yes,Yes,No,Yes,0,0,0,??,18,0.19.8
[Academy Garden](https://academy.garden) (academy.garden),Yes,No,Yes,No,Yes,0,0,0,??,17,0.19.8
[Time Periods](https://timeperiods.fr) (timeperiods.fr),Yes,No,Yes,No,No,0,0,0,??,5,0.19.5
[legbeard - lemmy](https://legbeard.xyz) (legbeard.xyz),Yes,Yes,Yes,Yes,Yes,0,0,7,??,6,0.19.8
[Tech Tailors](https://lemmy.techtailors.net) (lemmy.techtailors.net),Yes,Yes,Yes,Yes,Yes,0,0,0,??,21,0.19.9
[„Åµ„Åá„Çì„ÇÇ„ÅÜ](https://fenmou.cyou) (fenmou.cyou),Yes,No,Yes,Yes,Yes,0,0,0,100%,17,0.19.10
[taxevasion.info](https://lemmy.taxevasion.info) (lemmy.taxevasion.info),Yes,No,Yes,Yes,Yes,0,0,0,??,3,0.19.8
[Gearhead Town](https://gearhead.town) (gearhead.town),Yes,Yes,Yes,No,Yes,0,0,0,100%,18,0.19.8
[Rhymelikedime](https://lemmy.rhymelikedi.me) (lemmy.rhymelikedi.me),Yes,Yes,Yes,Yes,Yes,0,0,0,??,22,0.19.5
[rDrama](https://rdrama.co) (rdrama.co),Yes,No,Yes,No,Yes,0,0,0,??,4,0.19.8
[Matchpoint Zone](https://matchpoint.zone) (matchpoint.zone),Yes,Yes,Yes,No,Yes,0,0,0,100%,18,0.19.8
[Expats Zone](https://expats.zone) (expats.zone),Yes,No,Yes,Yes,Yes,0,0,0,??,17,0.19.8
[lemmy.mair.io](https://lemmy.mair.io),Yes,Yes,No,Yes,Yes,0,0,0,??,1,0.19.9
[elbmatsch.de  Lemmy](https://lemmy.elbmatsch.de) (lemmy.elbmatsch.de),Yes,Yes,Yes,Yes,Yes,0,0,0,??,0,0.19.10
[Jamesj999 Lemmy](https://lemmy.jamesj999.co.uk) (lemmy.jamesj999.co.uk),Yes,No,Yes,Yes,Yes,0,0,0,99%,22,0.19.9
[lemmy.keniir.wtf](https://lemmy.keniir.wtf),Yes,Yes,Yes,Yes,Yes,0,0,0,??,0,0.19.10
[klein.ruhr  Lemmy](https://lemmy.klein.ruhr) (lemmy.klein.ruhr),Yes,Yes,Yes,Yes,Yes,0,0,0,90%,9,0.19.11
[Âì≤Â≠¶.cafe](https://philosophy.cafe) (philosophy.cafe),Yes,Yes,Yes,Yes,No,0,0,0,100%,3,0.19.8
[posiwid](https://lemmy.posiwid.net) (lemmy.posiwid.net),Yes,Yes,Yes,Yes,No,0,0,0,??,1,0.19.10
[My Lemmy Instance](https://lemmy.sonne-frederiksen.com) (lemmy.sonne-frederiksen.com),Yes,Yes,Yes,Yes,Yes,0,0,0,??,0,0.19.9
[News (Lemmy)](https://news.wigger.one) (news.wigger.one),Yes,No,Yes,Yes,Yes,0,1,0,??,12,0.19.11
[ch3n2kÁöÑ‰∏≠ÊñáLemmyÁ´ô](https://lemmy.ch3n2k.com) (lemmy.ch3n2k.com),Yes,No,No,No,Yes,0,0,0,99%,22,0.19.3
[Golgafrinchan](https://lemmy.golgafrinchan.org) (lemmy.golgafrinchan.org),Yes,Yes,Yes,Yes,Yes,0,0,0,??,0,0.19.10
[Praise The Sun ñ§ì](https://l.iri.cx) (l.iri.cx),Yes,Yes,No,Yes,Yes,0,0,0,??,3,0.19.8
[lemmy.thc.sh](https://lemmy.thc.sh),Yes,Yes,Yes,Yes,Yes,0,0,0,??,7,0.19.8
[Overseer Control](https://overctrl.dbzer0.com) (overctrl.dbzer0.com),Yes,No,No,Yes,Yes,0,0,0,??,22,0.19.11
[lem.ph3j.com](https://lem.ph3j.com),Yes,Yes,Yes,No,No,0,0,3,99%,51,0.19.11
[High Fidelity](https://hi-fi.community) (hi-fi.community),Yes,Yes,Yes,No,Yes,0,0,0,??,18,0.19.8
[Lemmy Coupou.fr](https://lemmy.coupou.fr) (lemmy.coupou.fr),Yes,Yes,Yes,Yes,Yes,0,0,0,99%,41,0.19.11
[Swee lemmon](https://l.swee.codes) (l.swee.codes),Yes,Yes,Yes,Yes,Yes,0,0,0,??,0,0.19.11
[Lem.Shoshal.com](https://lem.shoshal.com),Yes,Yes,No,Yes,Yes,0,0,0,??,1,0.19.8
[Lemmy](https://lemmy.services.coupou.fr) (lemmy.services.coupou.fr),Yes,Yes,Yes,Yes,Yes,0,0,7,99%,41,0.19.11
[wolf3d.space](https://wolf3d.space),Yes,No,Yes,No,No,0,1,0,100%,1,0.19.9
[lemmy.glasgow.social](https://lemmy.glasgow.social),Yes,Yes,No,Yes,Yes,0,0,4,92%,22,0.19.3
[Âç±Ê•º„Éª‰∏ä](https://weilou.top) (weilou.top),Yes,No,Yes,No,No,0,0,0,??,5,0.19.5
[Netheads Online](https://netheads.online) (netheads.online),Yes,Yes,Yes,No,Yes,0,0,0,??,18,0.19.8
[slc.dev](https://slc.dev),Yes,No,Yes,Yes,Yes,0,0,0,??,13,0.19.3
[The Fergliest Lemmy](https://lemmy.ferg.al) (lemmy.ferg.al),Yes,No,Yes,Yes,Yes,0,0,0,??,2,0.19.9
[lemmy.maquis196.io](https://lemmy.maquis196.io),Yes,Yes,Yes,Yes,Yes,0,0,0,??,2,0.19.8
[Not Having This](https://lemmy.nothavingthis.co.uk) (lemmy.nothavingthis.co.uk),Yes,Yes,Yes,Yes,Yes,0,0,0,??,7,0.19.8
[Snoozetown Lemmy](https://lemmy.snoozetown.org) (lemmy.snoozetown.org),Yes,Yes,Yes,No,Yes,0,0,0,??,2,0.19.8
[New Site](https://forum.nihilum.space) (forum.nihilum.space),Yes,Yes,Yes,Yes,Yes,0,0,0,??,21,0.19.5
[Blockchain Observer](https://blockchained.world) (blockchained.world),Yes,No,Yes,No,Yes,0,0,0,??,18,0.19.8
[Dokmelody](https://lemmy.dokmelody.org) (lemmy.dokmelody.org),Yes,Yes,Yes,Yes,Yes,0,0,0,??,1,0.19.9
[Roofo](https://l.roofo.cc) (l.roofo.cc),Yes,No,Yes,Yes,Yes,0,5,0,100%,22,0.19.11
[CloudHub.Social](https://lemmy.cloudhub.social) (lemmy.cloudhub.social),Yes,Yes,Yes,Yes,Yes,0,0,0,??,22,0.19.11
